controller_time_s,event,gripper_state
3876.1989999999996,close,1
3883.0989999999997,open,0
