controller_time_s,event,gripper_state
1265.5839999999998,close,1
1272.2839999999999,open,0
