controller_time_s,event,gripper_state
1016.6139999999999,close,1
1023.2139999999999,open,0
